{
    "position": {
        "x": 0.5624388456344605,
        "y": -0.25263139605522158,
        "z": 0.0
    }
}